Kick-Ass, 2010, 16 Apr 2010, English, 117, Jane Goldman (screenplay)  Matthew Vaughn (screenplay)  Mark Millar (comic book)  John Romita Jr. (comic book), Matthew Vaughn, 7.7, R, tt1250777, 383828, Action  Comedy, 15 wins & 55 nominations.
Iron Man 2, 2010, 7 May 2010, English, 124, Justin Theroux (screenplay)  Stan Lee (Marvel comic book)  Don Heck (Marvel comic book)  Larry Lieber (Marvel comic book)  Jack Kirby (Marvel comic book), Jon Favreau, 7.1, PG-13, tt1228705, 432269, Action  Adventure  Sci-Fi, Nominated for 1 Oscar. Another 6 wins & 38 nominations.
Inception, 2010, 16 Jul 2010, English, 148, Christopher Nolan, Christopher Nolan, 8.8, PG-13, tt1375666, 1216705, Action  Mystery  Sci-Fi, Won 4 Oscars. Another 148 wins & 170 nominations.
Black Swan, 2010, 17 Dec 2010, English, 108, Mark Heyman (screenplay)  Andres Heinz (screenplay)  John J. McLaughlin (screenplay)  Andres Heinz (story), Darren Aronofsky, 8.0, R, tt0947798, 486387, Drama  Mystery  Thriller, Won 1 Oscar. Another 100 wins & 204 nominations.
Shutter Island, 2010, 19 Feb 2010, English, 138, Laeta Kalogridis (screenplay)  Dennis Lehane (novel), Martin Scorsese, 8.1, R, tt1130884, 635936, Mystery  Thriller, 7 wins & 51 nominations.
Easy A, 2010, 17 Sep 2010, English, 92, Bert V. Royal, Will Gluck, 7.1, PG-13, tt1282140, 233928, Comedy  Romance, Nominated for 1 Golden Globe. Another 9 wins & 17 nominations.
Percy Jackson & the Olympians: The Lightning Thief, 2010, 12 Feb 2010, English, 118, Craig Titley (screenplay)  Rick Riordan (novel), Chris Columbus, 5.9, PG, tt0814255, 123981, Adventure  Family  Fantasy, 11 nominations.
TRON: Legacy, 2010, 17 Dec 2010, English, 125, Edward Kitsis (screenplay)  Adam Horowitz (screenplay)  Edward Kitsis (story)  Adam Horowitz (story)  Brian Klugman (story)  Lee Sternthal (story)  Steven Lisberger (characters)  Bonnie MacBird (characters), Joseph Kosinski, 6.8, PG, tt1104001, 239559, Action  Adventure  Sci-Fi, Nominated for 1 Oscar. Another 10 wins & 39 nominations.
The Social Network, 2010, 1 Oct 2010, English, 120, Aaron Sorkin (screenplay)  Ben Mezrich (book), David Fincher, 7.8, PG-13, tt1285016, 409073, Biography  Drama, Won 3 Oscars. Another 163 wins & 131 nominations.
Resident Evil: Afterlife, 2010, 10 Sep 2010, English, 97, Paul W.S. Anderson, Paul W.S. Anderson, 5.9, R, tt1220634, 118845, Action  Adventure  Horror, 2 wins & 8 nominations.
Harry Potter and the Deathly Hallows: Part 1, 2010, 19 Nov 2010, English, 146, Steve Kloves (screenplay)  J.K. Rowling (novel), David Yates, 7.7, PG-13, tt0926084, 278643, Adventure  Family  Fantasy, Nominated for 2 Oscars. Another 13 wins & 48 nominations.
Despicable Me, 2010, 9 Jul 2010, English, 95, Cinco Paul (screenplay)  Ken Daurio (screenplay)  Sergio Pablos (story), Pierre Coffin  Chris Renaud, 7.7, PG, tt1323594, 314102, Animation  Comedy  Family, Nominated for 1 Golden Globe. Another 6 wins & 34 nominations.
The Town, 2010, 17 Sep 2010, English, 125, Peter Craig (screenplay)  Ben Affleck (screenplay)  Aaron Stockard (screenplay)  Chuck Hogan (novel), Ben Affleck, 7.6, R, tt0840361, 253351, Crime  Drama  Thriller, Nominated for 1 Oscar. Another 12 wins & 39 nominations.
Alice in Wonderland, 2010, 5 Mar 2010, English, 108, Linda Woolverton (screenplay)  Lewis Carroll (books), Tim Burton, 6.5, PG, tt1014759, 265621, Adventure  Family  Fantasy, Won 2 Oscars. Another 30 wins & 58 nominations.
The Fighter, 2010, 17 Dec 2010, English, 116, Scott Silver (screenplay)  Paul Tamasy (screenplay)  Eric Johnson (screenplay)  Paul Tamasy (story)  Eric Johnson (story)  Keith Dorrington (story), David O. Russell, 7.9, R, tt0964517, 241109, Biography  Drama  Sport, Won 2 Oscars. Another 79 wins & 88 nominations.
Tangled, 2010, 24 Nov 2010, English, 100, Dan Fogelman (screenplay)  Jacob Grimm (fairy tale)  Wilhelm Grimm (fairy tale)  Mark Kennedy (head of story)  Dean Wellins (additional story), Nathan Greno  Byron Howard, 7.8, PG, tt0398286, 239254, Animation  Comedy  Family, Nominated for 1 Oscar. Another 8 wins & 37 nominations.
The Karate Kid, 2010, 11 Jun 2010, English, 140, Christopher Murphey (screenplay)  Robert Mark Kamen (story), Harald Zwart, 6.2, PG, tt1155076, 104431, Action  Drama  Family, 5 wins & 13 nominations.
Monsters, 2010, 3 Dec 2010, English, 94, Gareth Edwards, Gareth Edwards, 6.4, R, tt1470827, 68945, Drama  Sci-Fi  Thriller, Nominated for 1 BAFTA Film Award. Another 11 wins & 11 nominations.
How to Train Your Dragon, 2010, 26 Mar 2010, English, 98, William Davies (screenplay)  Dean DeBlois (screenplay)  Chris Sanders (screenplay)  Cressida Cowell (book), Dean DeBlois  Chris Sanders, 8.2, PG, tt0892769, 392790, Animation  Adventure  Family, Nominated for 2 Oscars. Another 29 wins & 50 nominations.
The Other Guys, 2010, 6 Aug 2010, English, 107, Adam McKay  Chris Henchy, Adam McKay, 6.6, PG-13, tt1386588, 166105, Action  Comedy  Crime, 3 wins & 13 nominations.
The Book of Eli, 2010, 15 Jan 2010, English, 118, Gary Whitta, Albert Hughes  Allen Hughes, 6.9, R, tt1037705, 200471, Action  Adventure  Drama, 3 wins & 16 nominations.
Clash of the Titans, 2010, 2 Apr 2010, English, 106, Travis Beacham (screenplay)  Phil Hay (screenplay)  Matt Manfredi (screenplay)  Beverley Cross, Louis Leterrier, 5.8, PG-13, tt0800320, 207781, Action  Adventure  Fantasy, 2 wins & 11 nominations.
Toy Story 3, 2010, 18 Jun 2010, English, 103, John Lasseter (story)  Andrew Stanton (story)  Lee Unkrich (story)  Michael Arndt (screenplay), Lee Unkrich, 8.4, G, tt0435761, 443812, Animation  Adventure  Comedy, Won 2 Oscars. Another 59 wins & 78 nominations.
Dear John, 2010, 5 Feb 2010, English, 108, Jamie Linden (screenplay)  Nicholas Sparks (novel), Lasse Hallström, 6.3, PG-13, tt0989757, 81801, Drama  Romance  War, 4 wins & 7 nominations.
Remember Me, 2010, 12 Mar 2010, English, 113, Will Fetters, Allen Coulter, 7.2, PG-13, tt1403981, 100816, Drama  Romance, 4 wins & 3 nominations.
The King's Speech, 2010, 25 Dec 2010, English, 118, David Seidler (screenplay), Tom Hooper, 8.1, R, tt1504320, 412538, Biography  Drama  History, Won 4 Oscars. Another 113 wins & 155 nominations.
Legion, 2010, 22 Jan 2010, English, 100, Peter Schink  Scott Stewart, Scott Stewart, 5.2, R, tt1038686, 73454, Action  Fantasy  Horror, N/A
Kick-Ass, 2010, 16 Apr 2010, English, 117, Jane Goldman (screenplay)  Matthew Vaughn (screenplay)  Mark Millar (comic book)  John Romita Jr. (comic book), Matthew Vaughn, 7.7, R, tt1250777, 383828, Action  Comedy, 15 wins & 55 nominations.
Iron Man 2, 2010, 7 May 2010, English, 124, Justin Theroux (screenplay)  Stan Lee (Marvel comic book)  Don Heck (Marvel comic book)  Larry Lieber (Marvel comic book)  Jack Kirby (Marvel comic book), Jon Favreau, 7.1, PG-13, tt1228705, 432269, Action  Adventure  Sci-Fi, Nominated for 1 Oscar. Another 6 wins & 38 nominations.
Inception, 2010, 16 Jul 2010, English, 148, Christopher Nolan, Christopher Nolan, 8.8, PG-13, tt1375666, 1216705, Action  Mystery  Sci-Fi, Won 4 Oscars. Another 148 wins & 170 nominations.
Black Swan, 2010, 17 Dec 2010, English, 108, Mark Heyman (screenplay)  Andres Heinz (screenplay)  John J. McLaughlin (screenplay)  Andres Heinz (story), Darren Aronofsky, 8.0, R, tt0947798, 486387, Drama  Mystery  Thriller, Won 1 Oscar. Another 100 wins & 204 nominations.
Shutter Island, 2010, 19 Feb 2010, English, 138, Laeta Kalogridis (screenplay)  Dennis Lehane (novel), Martin Scorsese, 8.1, R, tt1130884, 635936, Mystery  Thriller, 7 wins & 51 nominations.
Easy A, 2010, 17 Sep 2010, English, 92, Bert V. Royal, Will Gluck, 7.1, PG-13, tt1282140, 233928, Comedy  Romance, Nominated for 1 Golden Globe. Another 9 wins & 17 nominations.
Percy Jackson & the Olympians: The Lightning Thief, 2010, 12 Feb 2010, English, 118, Craig Titley (screenplay)  Rick Riordan (novel), Chris Columbus, 5.9, PG, tt0814255, 123981, Adventure  Family  Fantasy, 11 nominations.
TRON: Legacy, 2010, 17 Dec 2010, English, 125, Edward Kitsis (screenplay)  Adam Horowitz (screenplay)  Edward Kitsis (story)  Adam Horowitz (story)  Brian Klugman (story)  Lee Sternthal (story)  Steven Lisberger (characters)  Bonnie MacBird (characters), Joseph Kosinski, 6.8, PG, tt1104001, 239559, Action  Adventure  Sci-Fi, Nominated for 1 Oscar. Another 10 wins & 39 nominations.
The Social Network, 2010, 1 Oct 2010, English, 120, Aaron Sorkin (screenplay)  Ben Mezrich (book), David Fincher, 7.8, PG-13, tt1285016, 409073, Biography  Drama, Won 3 Oscars. Another 163 wins & 131 nominations.
Resident Evil: Afterlife, 2010, 10 Sep 2010, English, 97, Paul W.S. Anderson, Paul W.S. Anderson, 5.9, R, tt1220634, 118845, Action  Adventure  Horror, 2 wins & 8 nominations.
Harry Potter and the Deathly Hallows: Part 1, 2010, 19 Nov 2010, English, 146, Steve Kloves (screenplay)  J.K. Rowling (novel), David Yates, 7.7, PG-13, tt0926084, 278643, Adventure  Family  Fantasy, Nominated for 2 Oscars. Another 13 wins & 48 nominations.
Despicable Me, 2010, 9 Jul 2010, English, 95, Cinco Paul (screenplay)  Ken Daurio (screenplay)  Sergio Pablos (story), Pierre Coffin  Chris Renaud, 7.7, PG, tt1323594, 314102, Animation  Comedy  Family, Nominated for 1 Golden Globe. Another 6 wins & 34 nominations.
The Town, 2010, 17 Sep 2010, English, 125, Peter Craig (screenplay)  Ben Affleck (screenplay)  Aaron Stockard (screenplay)  Chuck Hogan (novel), Ben Affleck, 7.6, R, tt0840361, 253351, Crime  Drama  Thriller, Nominated for 1 Oscar. Another 12 wins & 39 nominations.
Alice in Wonderland, 2010, 5 Mar 2010, English, 108, Linda Woolverton (screenplay)  Lewis Carroll (books), Tim Burton, 6.5, PG, tt1014759, 265621, Adventure  Family  Fantasy, Won 2 Oscars. Another 30 wins & 58 nominations.
The Fighter, 2010, 17 Dec 2010, English, 116, Scott Silver (screenplay)  Paul Tamasy (screenplay)  Eric Johnson (screenplay)  Paul Tamasy (story)  Eric Johnson (story)  Keith Dorrington (story), David O. Russell, 7.9, R, tt0964517, 241109, Biography  Drama  Sport, Won 2 Oscars. Another 79 wins & 88 nominations.
Tangled, 2010, 24 Nov 2010, English, 100, Dan Fogelman (screenplay)  Jacob Grimm (fairy tale)  Wilhelm Grimm (fairy tale)  Mark Kennedy (head of story)  Dean Wellins (additional story), Nathan Greno  Byron Howard, 7.8, PG, tt0398286, 239254, Animation  Comedy  Family, Nominated for 1 Oscar. Another 8 wins & 37 nominations.
The Karate Kid, 2010, 11 Jun 2010, English, 140, Christopher Murphey (screenplay)  Robert Mark Kamen (story), Harald Zwart, 6.2, PG, tt1155076, 104431, Action  Drama  Family, 5 wins & 13 nominations.
Monsters, 2010, 3 Dec 2010, English, 94, Gareth Edwards, Gareth Edwards, 6.4, R, tt1470827, 68945, Drama  Sci-Fi  Thriller, Nominated for 1 BAFTA Film Award. Another 11 wins & 11 nominations.
How to Train Your Dragon, 2010, 26 Mar 2010, English, 98, William Davies (screenplay)  Dean DeBlois (screenplay)  Chris Sanders (screenplay)  Cressida Cowell (book), Dean DeBlois  Chris Sanders, 8.2, PG, tt0892769, 392790, Animation  Adventure  Family, Nominated for 2 Oscars. Another 29 wins & 50 nominations.
The Other Guys, 2010, 6 Aug 2010, English, 107, Adam McKay  Chris Henchy, Adam McKay, 6.6, PG-13, tt1386588, 166105, Action  Comedy  Crime, 3 wins & 13 nominations.
The Book of Eli, 2010, 15 Jan 2010, English, 118, Gary Whitta, Albert Hughes  Allen Hughes, 6.9, R, tt1037705, 200471, Action  Adventure  Drama, 3 wins & 16 nominations.
Clash of the Titans, 2010, 2 Apr 2010, English, 106, Travis Beacham (screenplay)  Phil Hay (screenplay)  Matt Manfredi (screenplay)  Beverley Cross, Louis Leterrier, 5.8, PG-13, tt0800320, 207781, Action  Adventure  Fantasy, 2 wins & 11 nominations.
Toy Story 3, 2010, 18 Jun 2010, English, 103, John Lasseter (story)  Andrew Stanton (story)  Lee Unkrich (story)  Michael Arndt (screenplay), Lee Unkrich, 8.4, G, tt0435761, 443812, Animation  Adventure  Comedy, Won 2 Oscars. Another 59 wins & 78 nominations.
Dear John, 2010, 5 Feb 2010, English, 108, Jamie Linden (screenplay)  Nicholas Sparks (novel), Lasse Hallström, 6.3, PG-13, tt0989757, 81801, Drama  Romance  War, 4 wins & 7 nominations.
Remember Me, 2010, 12 Mar 2010, English, 113, Will Fetters, Allen Coulter, 7.2, PG-13, tt1403981, 100816, Drama  Romance, 4 wins & 3 nominations.
The King's Speech, 2010, 25 Dec 2010, English, 118, David Seidler (screenplay), Tom Hooper, 8.1, R, tt1504320, 412538, Biography  Drama  History, Won 4 Oscars. Another 113 wins & 155 nominations.
Legion, 2010, 22 Jan 2010, English, 100, Peter Schink  Scott Stewart, Scott Stewart, 5.2, R, tt1038686, 73454, Action  Fantasy  Horror, N/A
I Spit on Your Grave, 2010, 20 Jan 2011, English, 108, Stuart Morse (screenplay)  Meir Zarchi (film: Day of the Woman), Steven R. Monroe, 6.3, R, tt1242432, 47031, Crime  Horror  Thriller, 1 win & 1 nomination.
Hot Tub Time Machine, 2010, 26 Mar 2010, English, 101, Josh Heald (screenplay)  Sean Anders (screenplay)  John Morris (screenplay)  Josh Heald (story), Steve Pink, 6.5, R, tt1231587, 126199, Adventure  Comedy  Sci-Fi, 3 nominations.
Blue Valentine, 2010, 27 Dec 2010, English, 112, Derek Cianfrance  Joey Curtis  Cami Delavigne, Derek Cianfrance, 7.4, NC-17, tt1120985, 126191, Drama  Romance, Nominated for 1 Oscar. Another 7 wins & 45 nominations.
Grown Ups, 2010, 25 Jun 2010, English, 102, Adam Sandler  Fred Wolf, Dennis Dugan, 6.0, PG-13, tt1375670, 157941, Comedy, 3 wins & 5 nominations.
Life as We Know It, 2010, 8 Oct 2010, English, 114, Ian Deitchman  Kristin Rusk Robinson, Greg Berlanti, 6.5, PG-13, tt1055292, 80503, Comedy  Drama  Romance, 2 nominations.
A Serbian Film, 2010, 21 Jan 2012, Serbian, 104, Aleksandar Radivojevic (screenplay)  Srdjan Spasojevic (screenplay), Srdjan Spasojevic, 5.3, NC-17, tt1273235, 31492, Horror  Mystery  Thriller, 1 win & 2 nominations.
True Grit, 2010, 22 Dec 2010, English, 110, Joel Coen (screenplay)  Ethan Coen (screenplay)  Charles Portis (novel), Ethan Coen  Joel Coen, 7.7, PG-13, tt1403865, 213406, Adventure  Drama  Western, Nominated for 10 Oscars. Another 49 wins & 130 nominations.
The Last Airbender, 2010, 1 Jul 2010, English, 103, M. Night Shyamalan, M. Night Shyamalan, 4.3, PG, tt0938283, 107324, Action  Adventure  Family, 7 wins & 12 nominations.
Prince of Persia: The Sands of Time, 2010, 28 May 2010, English, 116, Boaz Yakin (screenplay)  Doug Miro (screenplay)  Carlo Bernard (screenplay)  Jordan Mechner (screen story)  Jordan Mechner (video game series "Prince of Persia"), Mike Newell, 6.6, PG-13, tt0473075, 196269, Action  Adventure  Fantasy, 9 nominations.
Never Let Me Go, 2010, 11 Feb 2011, English, 103, Kazuo Ishiguro (novel)  Alex Garland (screenplay), Mark Romanek, 7.2, R, tt1334260, 96792, Drama  Romance  Sci-Fi, 7 wins & 25 nominations.
Burlesque, 2010, 24 Nov 2010, English, 119, Steve Antin, Steve Antin, 6.4, PG-13, tt1126591, 55274, Drama  Music  Romance, Won 1 Golden Globe. Another 4 wins & 15 nominations.
127 Hours, 2010, 28 Jan 2011, English, 94, Danny Boyle (screenplay)  Simon Beaufoy (screenplay)  Aron Ralston (book), Danny Boyle, 7.6, R, tt1542344, 247460, Adventure  Biography  Drama, Nominated for 6 Oscars. Another 28 wins & 127 nominations.
All Good Things, 2010, 9 Dec 2010, English, 101, Marcus Hinchey  Marc Smerling, Andrew Jarecki, 6.3, R, tt1175709, 35650, Crime  Drama  Mystery, 1 nomination.
The Expendables, 2010, 13 Aug 2010, English, 103, Dave Callaham (screenplay)  Sylvester Stallone (screenplay)  Dave Callaham (story), Sylvester Stallone, 6.5, R, tt1320253, 237988, Action  Adventure  Thriller, 3 wins & 4 nominations.
RED, 2010, 15 Oct 2010, English, 111, Jon Hoeber (screenplay)  Erich Hoeber (screenplay)  Warren Ellis (graphic novel)  Cully Hamner (graphic novel), Robert Schwentke, 7.1, PG-13, tt1245526, 214189, Action  Comedy  Crime, Nominated for 1 Golden Globe. Another 2 wins & 16 nominations.
The A-Team, 2010, 11 Jun 2010, English, 117, Joe Carnahan  Brian Bloom  Skip Woods  Frank Lupo (television series "The A-Team")  Stephen J. Cannell (television series "The A-Team"), Joe Carnahan, 6.8, PG-13, tt0429493, 192160, Action  Adventure  Comedy, 1 win & 3 nominations.
Predators, 2010, 9 Jul 2010, English, 107, Alex Litvak  Michael Finch  Jim Thomas (characters)  John Thomas (characters), Nimród Antal, 6.4, R, tt1424381, 155995, Action  Adventure  Sci-Fi, 2 wins & 3 nominations.
Charlie St. Cloud, 2010, 30 Jul 2010, English, 99, Craig Pearce (screenplay)  Lewis Colick (screenplay)  Ben Sherwood (novel), Burr Steers, 6.4, PG-13, tt1438254, 41321, Drama  Fantasy  Romance, 4 nominations.
Salt, 2010, 23 Jul 2010, English, 100, Kurt Wimmer, Phillip Noyce, 6.4, PG-13, tt0944835, 221852, Action  Crime  Mystery, Nominated for 1 Oscar. Another 4 wins & 15 nominations.
Sex and the City 2, 2010, 27 May 2010, English, 146, Michael Patrick King  Candace Bushnell (characters from the book by)  Darren Star (television series creator), Michael Patrick King, 4.2, R, tt1261945, 53179, Comedy  Drama  Romance, 8 wins & 8 nominations.
Robin Hood, 2010, 14 May 2010, English, 140, Brian Helgeland (screenplay)  Brian Helgeland (story)  Ethan Reiff (story)  Cyrus Voris (story), Ridley Scott, 6.7, PG-13, tt0955308, 192013, Action  Adventure  Drama, 1 win & 15 nominations.
The Next Three Days, 2010, 19 Nov 2010, English, 133, Paul Haggis (screenplay)  Fred Cavayé (screenplay)  Guillaume Lemans (screenplay), Paul Haggis, 7.4, PG-13, tt1458175, 131636, Crime  Drama  Romance, 2 nominations.
The Last Song, 2010, 31 Mar 2010, English, 107, Nicholas Sparks (screenplay)  Jeff Van Wie (screenplay)  Nicholas Sparks (book), Julie Anne Robinson, 5.8, PG, tt1294226, 51196, Drama  Romance, 4 wins & 8 nominations.
A Nightmare on Elm Street, 2010, 30 Apr 2010, English, 95, Wesley Strick (screenplay)  Eric Heisserer (screenplay)  Wesley Strick (story)  Wes Craven (characters), Samuel Bayer, 5.2, R, tt1179056, 67392, Horror  Mystery  Thriller, 2 wins & 9 nominations.
Machete, 2010, 3 Sep 2010, English, 105, Robert Rodriguez  Álvaro Rodríguez, Ethan Maniquis  Robert Rodriguez, 6.7, R, tt0985694, 152690, Action  Crime  Thriller, 3 wins & 4 nominations.
The Chronicles of Narnia: The Voyage of the Dawn Treader, 2010, 10 Dec 2010, English, 113, Christopher Markus (screenplay)  Stephen McFeely (screenplay)  Michael Petroni (screenplay)  C.S. Lewis (novel), Michael Apted, 6.4, PG, tt0980970, 91005, Adventure  Family  Fantasy, Nominated for 1 Golden Globe. Another 1 win & 16 nominations.
Jonah Hex, 2010, 18 Jun 2010, English, 81, Mark Neveldine (screenplay)  Brian Taylor (screenplay)  William Farmer (story)  Mark Neveldine (story)  Brian Taylor (story)  John Albano (characters appearing in magazines published by DC Comics)  Tony DeZuniga (characters appearing in magazines published by DC Comics), Jimmy Hayward, 4.6, PG-13, tt1075747, 41292, Action  Drama  Fantasy, 1 win & 3 nominations.
Chloe, 2010, N/A, English, 23, Michael William Edwards, Michael William Edwards, 6.1, N/A, tt2023432, 7, Short  Drama, N/A
The Switch, 2010, 20 Aug 2010, English, 101, Allan Loeb (screenplay)  Jeffrey Eugenides (short story "Baster"), Josh Gordon  Will Speck, 6.0, PG-13, tt0889573, 69296, Comedy  Drama  Romance, 2 nominations.
Leap Year, 2010, 8 Jan 2010, English, 100, Deborah Kaplan  Harry Elfont, Anand Tucker, 6.4, PG, tt1216492, 61359, Comedy  Romance, N/A
Let Me In, 2010, 1 Oct 2010, English, 116, Matt Reeves (screenplay)  John Ajvide Lindqvist (screenplay)  John Ajvide Lindqvist (novel), Matt Reeves, 7.2, R, tt1228987, 82344, Drama  Horror  Mystery, 14 wins & 25 nominations.
Valentine's Day, 2010, 12 Feb 2010, English, 125, Katherine Fugate (screenplay)  Katherine Fugate (story)  Abby Kohn (story)  Marc Silverstein (story), Garry Marshall, 5.8, PG-13, tt0817230, 85815, Comedy  Romance, 6 wins & 12 nominations.
The Twilight Saga: Eclipse, 2010, 30 Jun 2010, English, 124, Melissa Rosenberg (screenplay)  Stephenie Meyer (novel), David Slade, 4.9, PG-13, tt1325004, 165592, Adventure  Drama  Fantasy, 22 wins & 33 nominations.
Ip Man 2, 2010, 29 Apr 2010, Cantonese, 108, Hiu-Yan Choi  Chan Tai-Li  Edmond Wong (screenplay), Wilson Yip, 7.6, R, tt1386932, 53439, Action  Biography  Drama, 4 wins & 9 nominations.
Takers, 2010, 27 Aug 2010, English, 107, Peter Allen  Gabriel Casseus  John Luessenhop  Avery Duff, John Luessenhop, 6.2, PG-13, tt1135084, 42377, Action  Crime  Thriller, 2 wins & 6 nominations.
Due Date, 2010, 5 Nov 2010, English, 95, Alan R. Cohen (screenplay)  Alan Freedland (screenplay)  Adam Sztykiel (screenplay)  Todd Phillips (screenplay)  Alan R. Cohen (story)  Alan Freedland (story), Todd Phillips, 6.6, R, tt1231583, 250693, Comedy, 6 nominations.
Flipped, 2010, 22 Oct 2010, English, 90, Rob Reiner (screenplay)  Andrew Scheinman (screenplay)  Wendelin Van Draanen (novel), Rob Reiner, 7.7, PG, tt0817177, 50815, Comedy  Drama  Romance, 1 win & 2 nominations.
Megamind, 2010, 5 Nov 2010, English, 95, Alan J. Schoolcraft  Brent Simons, Tom McGrath, 7.3, PG, tt1001526, 147218, Animation  Action  Comedy, 2 wins & 15 nominations.
The Kids Are All Right, 2010, 30 Jul 2010, English, 106, Lisa Cholodenko  Stuart Blumberg, Lisa Cholodenko, 7.1, R, tt0842926, 101987, Comedy  Drama, Nominated for 4 Oscars. Another 33 wins & 100 nominations.
The Losers, 2010, 23 Apr 2010, English, 97, Peter Berg (screenplay)  James Vanderbilt (screenplay)  Andy Diggle (characters), Sylvain White, 6.4, PG-13, tt0480255, 68915, Action  Crime  Drama, 1 win & 7 nominations.
She's Out of My League, 2010, 12 Mar 2010, English, 104, Sean Anders  John Morris, Jim Field Smith, 6.4, R, tt0815236, 93644, Comedy  Romance, 1 nomination.
Piranha 3D, 2010, 20 Aug 2010, English, 88, Pete Goldfinger  Josh Stolberg, Alexandre Aja, 5.5, R, tt0464154, 67191, Comedy  Horror, 1 win & 11 nominations.
The Crazies, 2010, 26 Feb 2010, English, 101, Scott Kosar (screenplay)  Ray Wright (screenplay)  George A. Romero, Breck Eisner, 6.6, R, tt0455407, 84761, Horror  Mystery  Thriller, 10 nominations.
A Director's Playground: Vincenzo Natali on the Set of Splice, 2010, 5 Oct 2010, N/A, 36, N/A, Philippe H. Bergeron, 5.6, N/A, tt1602001, 9, Documentary  Short  Biography, N/A
Eat Pray Love, 2010, 13 Aug 2010, English, 133, Ryan Murphy (screenplay)  Jennifer Salt (screenplay)  Elizabeth Gilbert (book), Ryan Murphy, 5.6, PG-13, tt0879870, 54782, Drama  Romance, 1 win & 2 nominations.
The Tourist, 2010, 10 Dec 2010, English, 103, Florian Henckel von Donnersmarck (screenplay)  Christopher McQuarrie (screenplay)  Julian Fellowes (screenplay)  Jérôme Salle (motion picture "Anthony Zimmer"), Florian Henckel von Donnersmarck, 6.0, PG-13, tt1243957, 154245, Action  Romance  Thriller, Nominated for 3 Golden Globes. Another 3 wins & 2 nominations.
Step Up 3D, 2010, 6 Aug 2010, English, 107, Amy Andelson  Emily Meyer  Duane Adler (characters), Jon M. Chu, 6.2, PG-13, tt1193631, 41720, Drama  Music  Romance, 1 nomination.
Buried, 2010, 1 Oct 2010, English, 95, Chris Sparling, Rodrigo Cortés, 7.0, R, tt1462758, 105441, Drama  Mystery  Thriller, 14 wins & 30 nominations.
Get Him to the Greek, 2010, 4 Jun 2010, English, 109, Nicholas Stoller  Jason Segel (characters), Nicholas Stoller, 6.4, R, tt1226229, 136081, Comedy  Music, 13 nominations.
The Runaways, 2010, 8 Apr 2010, English, 106, Floria Sigismondi (screenplay)  Cherie Currie (book), Floria Sigismondi, 6.6, R, tt1017451, 35974, Biography  Drama  History, 5 nominations.
Unstoppable, 2010, 12 Nov 2010, English, 98, Mark Bomback, Tony Scott, 6.8, PG-13, tt0477080, 133109, Action  Thriller, Nominated for 1 Oscar. Another 1 win & 12 nominations.
Devil, 2010, 17 Sep 2010, English, 80, Brian Nelson (screenplay)  M. Night Shyamalan (story), John Erick Dowdle, 6.3, PG-13, tt1314655, 93837, Horror  Mystery  Thriller, 2 nominations.
Saw 3D: The Final Chapter, 2010, 29 Oct 2010, English, 90, Patrick Melton  Marcus Dunstan, Kevin Greutert, 5.6, R, tt1477076, 59500, Horror  Mystery, 3 nominations.
Knight and Day, 2010, 23 Jun 2010, English, 109, Patrick O'Neill, James Mangold, 6.3, PG-13, tt1013743, 131371, Action  Comedy  Romance, 4 nominations.
Winter's Bone, 2010, 17 Sep 2010, English, 100, Debra Granik (screenplay)  Anne Rosellini (screenplay)  Daniel Woodrell (novel), Debra Granik, 7.2, R, tt1399683, 101788, Drama, Nominated for 4 Oscars. Another 75 wins & 95 nominations.
It's Kind of a Funny Story, 2010, 7 Jan 2011, English, 101, Anna Boden (screenplay)  Ryan Fleck (screenplay)  Ned Vizzini (novel), Anna Boden  Ryan Fleck, 7.2, PG-13, tt0804497, 93228, Comedy  Drama  Romance, 2 nominations.
Diary of a Wimpy Kid, 2010, 19 Mar 2010, English, 94, Jackie Filgo (screenplay)  Jeff Filgo (screenplay)  Gabe Sachs (screenplay)  Jeff Judah (screenplay)  Jeff Kinney (book), Thor Freudenthal, 6.2, PG, tt1196141, 28204, Comedy  Family, 5 wins & 8 nominations.
Centurion, 2010, 30 Jul 2010, English, 97, Neil Marshall, Neil Marshall, 6.4, R, tt1020558, 58685, Action  Adventure  Drama, 1 nomination.
Going the Distance, 2010, 3 Sep 2010, English, 102, Geoff LaTulippe, Nanette Burstein, 6.4, R, tt1322312, 46760, Comedy  Romance, N/A
The Way Back, 2010, 21 Jan 2011, English, 133, Keith R. Clarke (screenplay)  Slavomir Rawicz (novel)  Peter Weir (screenplay), Peter Weir, 7.3, PG-13, tt1023114, 78816, Adventure  Drama  History, Nominated for 1 Oscar. Another 2 wins & 4 nominations.
Room in Rome, 2010, 7 May 2010, English, 109, Katherine Fugate (dialogue advisor)  Julio Medem  Julio Rojas (screenplay), Julio Medem, 6.2, UNRATED, tt1263750, 14046, Drama  Romance, 2 wins & 5 nominations.
I'm Still Here, 2010, 16 Sep 2010, English, 108, Casey Affleck  Joaquin Phoenix, Casey Affleck, 6.2, R, tt1356864, 13193, Comedy  Drama  Music, 1 win & 2 nominations.
Letters to Juliet, 2010, 14 May 2010, English, 105, Jose Rivera  Tim Sullivan, Gary Winick, 6.5, PG, tt0892318, 62909, Comedy  Drama  Romance, 4 nominations.
The Sorcerer's Apprentice, 2010, 14 Jul 2010, English, 109, Lawrence Konner (screen story)  Mark Rosenthal (screen story)  Matt Lopez (screen story)  Matt Lopez (screenplay)  Doug Miro (screenplay)  Carlo Bernard (screenplay), Jon Turteltaub, 6.2, PG, tt0963966, 111872, Action  Adventure  Comedy, 1 win & 1 nomination.
Date Night, 2010, 9 Apr 2010, English, 88, Josh Klausner, Shawn Levy, 6.3, PG-13, tt1279935, 115937, Comedy  Crime  Romance, 4 wins & 7 nominations.
Faster, 2010, 24 Nov 2010, English, 98, Tony Gayton  Joe Gayton, George Tillman Jr., 6.5, R, tt1433108, 73964, Action  Crime  Drama, 5 nominations.
You Again, 2010, 24 Sep 2010, English, 105, Moe Jelline, Andy Fickman, 5.8, PG, tt1414382, 37145, Comedy  Romance, 2 wins.
Morning Glory, 2010, 10 Nov 2010, English, 107, Aline Brosh McKenna, Roger Michell, 6.5, PG-13, tt1126618, 53101, Comedy  Drama  Romance, 2 nominations.
Repo Men, 2010, 19 Mar 2010, English, 111, Eric Garcia (screenplay)  Garrett Lerner (screenplay)  Eric Garcia (novel), Miguel Sapochnik, 6.3, R, tt1053424, 81842, Action  Crime  Sci-Fi, 2 nominations.
Killers, 2010, 4 Jun 2010, English, 100, Bob DeRosa (screenplay)  Ted Griffin (screenplay)  Bob DeRosa (story), Robert Luketic, 5.4, PG-13, tt1103153, 65712, Action  Comedy  Romance, 2 wins & 3 nominations.
The Bounty Hunter, 2010, 19 Mar 2010, English, 110, Sarah Thorp, Andy Tennant, 5.5, PG-13, tt1038919, 85135, Action  Comedy  Romance, 1 win & 5 nominations.
Shrek Forever After, 2010, 21 May 2010, English, 93, William Steig (book)  Josh Klausner  Darren Lemke, Mike Mitchell, 6.4, PG, tt0892791, 118676, Animation  Adventure  Comedy, 1 win & 12 nominations.
Frozen, 2010, 25 Mar 2010, English, 93, Adam Green, Adam Green, 6.2, R, tt1323045, 46410, Drama  Thriller, 2 wins & 5 nominations.
Edge of Darkness, 2010, 29 Jan 2010, English, 117, William Monahan (screenplay)  Andrew Bovell (screenplay)  Troy Kennedy-Martin (television series), Martin Campbell, 6.6, R, tt1226273, 69437, Crime  Drama  Mystery, 1 nomination.
The Back-up Plan, 2010, 23 Apr 2010, English, 106, Kate Angelo, Alan Poul, 5.2, PG-13, tt1212436, 36241, Comedy  Romance, 2 nominations.
How Do You Know, 2010, 17 Dec 2010, English, 121, James L. Brooks, James L. Brooks, 5.3, PG-13, tt1341188, 32523, Comedy  Drama  Romance, 2 nominations.
MacGruber, 2010, 21 May 2010, English, 90, Will Forte  John Solomon  Jorma Taccone, Jorma Taccone, 5.4, R, tt1470023, 33187, Action  Comedy  Romance, 1 nomination.
The Wolfman, 2010, 12 Feb 2010, English, 103, Andrew Kevin Walker (screenplay)  David Self (screenplay)  Curt Siodmak, Joe Johnston, 5.8, R, tt0780653, 84422, Drama  Horror  Thriller, Won 1 Oscar. Another 2 wins & 7 nominations.
Biutiful, 2010, 22 Oct 2010, Spanish, 148, Alejandro González Iñárritu (screenplay)  Alejandro González Iñárritu (based on a story by)  Nicolás Giacobone (screenplay)  Armando Bo (screenplay), Alejandro González Iñárritu, 7.5, R, tt1164999, 59875, Drama, Nominated for 2 Oscars. Another 20 wins & 42 nominations.
Agora é que Conta, 2010–, 21 Sep 2010, Portuguese, N/A, N/A, N/A, N/A, N/A, tt1781967, N/A, Game-Show, N/A
Secretariat, 2010, 8 Oct 2010, English, 123, Mike Rich  William Nack (book), Randall Wallace, 7.2, PG, tt1028576, 18790, Drama  Family  History, 2 wins & 6 nominations.
When in Rome, 2010, 29 Jan 2010, English, 91, David Diamond  David Weissman, Mark Steven Johnson, 5.5, PG-13, tt1185416, 45265, Comedy  Romance, 2 nominations.
Wall Street: Money Never Sleeps, 2010, 24 Sep 2010, English, 133, Allan Loeb  Stephen Schiff  Stanley Weiser (characters)  Oliver Stone (characters), Oliver Stone, 6.3, PG-13, tt1027718, 76974, Drama, Nominated for 1 Golden Globe. Another 1 win & 3 nominations.
The Ghost Writer, 2010, 19 Mar 2010, English, 128, Robert Harris (screenplay)  Roman Polanski (screenplay)  Robert Harris (novel), Roman Polanski, 7.2, PG-13, tt1139328, 122469, Mystery  Thriller, 37 wins & 38 nominations.
From Paris with Love, 2010, 5 Feb 2010, English, 92, Adi Hasak (screenplay)  Luc Besson (story), Pierre Morel, 6.5, R, tt1179034, 90218, Action  Thriller, N/A
Hereafter, 2010, 22 Oct 2010, English, 129, Peter Morgan, Clint Eastwood, 6.5, PG-13, tt1212419, 75339, Drama  Fantasy, Nominated for 1 Oscar. Another 5 wins & 12 nominations.
The Tempest, 2010, 7 Jan 2011, English, 110, Julie Taymor (screenplay)  William Shakespeare (play), Julie Taymor, 5.4, PG-13, tt1274300, 5576, Comedy  Drama  Fantasy, Nominated for 1 Oscar. Another 2 wins & 3 nominations.
Death at a Funeral, 2010, 16 Apr 2010, English, 92, Dean Craig, Neil LaBute, 5.6, R, tt1321509, 32071, Comedy, 6 nominations.
Legend of the Guardians: The Owls of Ga'Hoole, 2010, 24 Sep 2010, English, 97, John Orloff (screenplay)  Emil Stern (screenplay)  Kathryn Lasky (novels), Zack Snyder, 7.0, PG, tt1219342, 59671, Animation  Adventure  Fantasy, 4 wins & 23 nominations.
The Killer Inside Me, 2010, 8 Jun 2010, English, 109, John Curran  Jim Thompson (novel), Michael Winterbottom, 6.2, R, tt0954947, 26402, Crime  Drama  Thriller, 2 wins & 5 nominations.
Unthinkable, 2010, 26 May 2010, English, 97, Peter Woodward, Gregor Jordan, 7.1, R, tt0914863, 65897, Drama  Thriller, N/A
Skyline, 2010, 12 Nov 2010, English, 97, Joshua Cordes  Liam O'Donnell, Colin Strause  Greg Strause, 4.4, PG-13, tt1564585, 71926, Action  Sci-Fi  Thriller, N/A
Womb, 2010, 7 Apr 2011, English, 111, Benedek Fliegauf, Benedek Fliegauf, 6.4, UNRATED, tt1216520, 8167, Drama  Romance  Sci-Fi, 1 win & 1 nomination.
Rabbit Hole, 2010, 14 Jan 2011, English, 91, David Lindsay-Abaire (screenplay)  David Lindsay-Abaire (based on his play: "Rabbit Hole"), John Cameron Mitchell, 7.0, PG-13, tt0935075, 37743, Drama, Nominated for 1 Oscar. Another 7 wins & 36 nominations.
The American, 2010, 1 Sep 2010, English, 105, Rowan Joffe (screenplay)  Martin Booth (novel), Anton Corbijn, 6.3, R, tt1440728, 73523, Crime  Drama  Thriller, 3 nominations.
The Warrior's Way, 2010, 3 Dec 2010, English, 100, Sngmoo Lee, Sngmoo Lee, 6.3, R, tt1032751, 20976, Action  Fantasy  Western, N/A
Dinner for Schmucks, 2010, 30 Jul 2010, English, 114, David Guion (screenplay)  Michael Handelman (screenplay)  Francis Veber (film "Le Diner de Cons"), Jay Roach, 5.9, PG-13, tt0427152, 72934, Comedy, 2 nominations.
Animal Kingdom, 2010, 3 Jun 2010, English, 113, David Michôd, David Michôd, 7.3, R, tt1313092, 41319, Crime  Drama  Thriller, Nominated for 1 Oscar. Another 42 wins & 45 nominations.
Birdemic: Shock and Terror, 2010, 27 Feb 2010, English, 105, James Nguyen (screenplay)  James Nguyen (story), James Nguyen, 1.8, NOT RATED, tt1316037, 11130, Horror  Romance  Thriller, N/A
Four Lions, 2010, 7 May 2010, English, 97, Christopher Morris  Sam Bain  Jesse Armstrong  Simon Blackwell (additional writing), Christopher Morris, 7.3, R, tt1341167, 49811, Comedy  Crime  Drama, Won 1 BAFTA Film Award. Another 7 wins & 21 nominations.
Tooth Fairy, 2010, 22 Jan 2010, English, 101, Lowell Ganz (screenplay)  Babaloo Mandel (screenplay)  Joshua Sternin (screenplay)  Jennifer Ventimilia (screenplay)  Randi Mayem Singer (screenplay)  Jim Piddock (story), Michael Lembeck, 5.0, PG, tt0808510, 26105, Comedy  Family  Fantasy, 1 win & 4 nominations.
Stone, 2010, 7 Oct 2010, English, 105, Angus MacLachlan, John Curran, 5.4, R, tt1423995, 32685, Drama  Thriller, N/A
Cop Out, 2010, 26 Feb 2010, English, 107, Robb Cullen  Mark Cullen, Kevin Smith, 5.7, R, tt1385867, 70620, Action  Comedy  Crime, N/A
Green Zone, 2010, 12 Mar 2010, English, 115, Brian Helgeland  Rajiv Chandrasekaran (book), Paul Greengrass, 6.9, R, tt0947810, 100889, Action  Drama  Thriller, 5 nominations.
Ramona and Beezus, 2010, 23 Jul 2010, English, 103, Laurie Craig (screenplay)  Nick Pustay (screenplay)  Beverly Cleary (novels), Elizabeth Allen Rosenbaum, 6.7, G, tt0493949, 12593, Adventure  Comedy  Family, 1 win & 3 nominations.
Vampires Suck, 2010, 18 Aug 2010, English, 82, Jason Friedberg  Aaron Seltzer, Jason Friedberg  Aaron Seltzer, 3.5, PG-13, tt1666186, 36275, Comedy, 6 nominations.
My Name Is Khan, 2010, 12 Feb 2010, Hindi, 165, Shibani Bathija (story)  Shibani Bathija (dialogue)  Niranjan Iyengar (dialogue), Karan Johar, 8.0, PG-13, tt1188996, 56221, Drama  Romance  Thriller, 9 wins & 11 nominations.
Tamara Drewe, 2010, 10 Sep 2010, English, 107, Moira Buffini (screenplay)  Posy Simmonds (graphic novel), Stephen Frears, 6.2, R, tt1486190, 15409, Comedy  Drama  Romance, 4 wins & 3 nominations.
Nanny McPhee Returns, 2010, 20 Aug 2010, English, 109, Emma Thompson  Christianna Brand (characters), Susanna White, 6.0, PG, tt1415283, 16477, Comedy  Family  Fantasy, 1 win & 3 nominations.
Country Strong, 2010, 7 Jan 2011, English, 117, Shana Feste, Shana Feste, 6.3, PG-13, tt1555064, 13800, Drama  Music, Nominated for 1 Oscar. Another 1 win & 6 nominations.
Little Fockers, 2010, 22 Dec 2010, English, 98, John Hamburg  Larry Stuckey  Greg Glienna (characters)  Mary Ruth Clarke (characters), Paul Weitz, 5.4, PG-13, tt0970866, 74836, Comedy  Romance, 3 wins & 4 nominations.
Keeping Up with the Joneses, 2010–, 14 Oct 2010, English, 23, N/A, N/A, N/A, N/A, tt2367359, N/A, Reality-TV, N/A
After-Life, 2010, 15 May 2010, English, 14, Eric Alan Luse (script consultant)  Mateo Trujillo-Hobbs, Mateo Trujillo-Hobbs, 7.0, N/A, tt1785279, 27, Short  Drama, N/A
Chatroom, 2010, 22 Dec 2010, English, 97, Enda Walsh (play)  Enda Walsh (screenplay), Hideo Nakata, 5.5, R, tt1319704, 6460, Drama  Thriller, 1 nomination.
The Last Exorcism, 2010, 27 Aug 2010, English, 87, Huck Botko  Andrew Gurland, Daniel Stamm, 5.6, PG-13, tt1320244, 38247, Drama  Horror  Thriller, 7 wins & 10 nominations.
You Will Meet a Tall Dark Stranger, 2010, 27 Aug 2010, English, 98, Woody Allen, Woody Allen, 6.3, R, tt1182350, 32173, Comedy  Drama  Romance, 2 wins & 2 nominations.
Paranormal Activity 2, 2010, 22 Oct 2010, English, 91, Michael R. Perry (screenplay)  Christopher Landon (screenplay)  Tom Pabst (screenplay)  Michael R. Perry (story)  Oren Peli (film "Paranormal Activity"), Tod Williams, 5.7, R, tt1536044, 72563, Horror, 1 win & 2 nominations.
Made in Dagenham, 2010, 1 Oct 2010, English, 113, William Ivory, Nigel Cole, 7.2, R, tt1371155, 9807, Biography  Comedy  Drama, Nominated for 3 BAFTA Film Awards. Another 3 wins & 14 nominations.
Gulliver's Travels, 2010, 25 Dec 2010, English, 85, Joe Stillman (screenplay)  Nicholas Stoller (screenplay)  Jonathan Swift (book), Rob Letterman, 4.9, PG, tt1320261, 48092, Adventure  Comedy  Family, 3 nominations.
Dog Pound, 2010, 23 Jun 2010, English, 91, Jeremie Delon  Kim Chapiron, Kim Chapiron, 7.1, N/A, tt1422020, 7442, Drama, 1 win.
Wild Target, 2010, 18 Jun 2010, English, 98, Lucinda Coxon (screenplay)  Pierre Salvadori (film "Cible émouvante"), Jonathan Lynn, 6.9, PG-13, tt1235189, 27133, Action  Comedy  Crime, N/A
Conflict and Chaos: Brooklyn's Finest, 2010, 6 Jul 2010, English, 32, N/A, N/A, 6.9, N/A, tt1661034, 11, Documentary  Short, N/A
Behind Bitch Slap: Building a Better B-Movie, 2010, 1 Mar 2010, English, 99, N/A, Daniel Cieplinski, 7.5, N/A, tt1437196, 19, Documentary, N/A
Yogi Bear, 2010, 17 Dec 2010, English, 80, Jennifer Ventimilia  Joshua Sternin  Brad Copeland, Eric Brevig, 4.5, PG, tt1302067, 14807, Animation  Adventure  Comedy, 2 wins & 1 nomination.
Somewhere, 2010, 3 Sep 2010, English, 97, Sofia Coppola, Sofia Coppola, 6.3, R, tt1421051, 32785, Comedy  Drama, 6 wins & 5 nominations.
Conviction, 2010, 5 Nov 2010, English, 107, Pamela Gray, Tony Goldwyn, 7.2, R, tt1244754, 31578, Biography  Drama, 8 wins & 8 nominations.
Fair Game, 2010, 16 Dec 2010, English, 108, Jez Butterworth (screenplay)  John-Henry Butterworth (screenplay)  Joseph Wilson (book)  Valerie Plame Wilson (book), Doug Liman, 6.8, PG-13, tt0977855, 35386, Biography  Drama  Thriller, 3 wins & 8 nominations.
Triple Dog, 2010, 21 Sep 2010, English, 95, Barbara Marshall, Pascal Franchot, 6.0, R, tt1232838, 2882, Drama  Thriller, N/A
Twelve, 2010, 8 Sep 2010, English, 93, Jordan Melamed (screenplay)  Nick McDonell (novel), Joel Schumacher, 5.7, R, tt1407084, 10011, Drama  Thriller, 1 nomination.
Come Undone, 2010, 3 Dec 2010, Italian, 126, Silvio Soldini (story)  Doriana Leondeff (story)  Silvio Soldini (screenplay)  Doriana Leondeff (screenplay)  Angelo Carbone (screenplay), Silvio Soldini, 6.2, N/A, tt1403144, 1579, Drama, 8 nominations.
Welcome to the Rileys, 2010, 18 Nov 2011, English, 110, Ken Hixon, Jake Scott, 7.0, R, tt1183923, 18037, Drama, 2 wins & 3 nominations.
Deeper and Darker: The Making of the 'Descent: Part 2', 2010, 12 Apr 2010, English, N/A, N/A, N/A, 6.3, N/A, tt1640117, 7, Documentary  Short, N/A
Alexandria: The Greatest City, 2010, 24 Mar 2010, English, 51, Justin Pollard, Nick Gillam-Smith, 6.4, N/A, tt2955246, 56, Documentary, N/A
Extraordinary Measures, 2010, 22 Jan 2010, English, 106, Robert Nelson Jacobs  Geeta Anand (book), Tom Vaughan, 6.5, PG, tt1244659, 13353, Drama, N/A
Furry Vengeance, 2010, 30 Apr 2010, English, 92, Michael Carnes  Josh Gilbert, Roger Kumble, 3.7, PG, tt0492389, 11217, Comedy  Family, 1 nomination.
Cemetery Junction, 2010, 14 Apr 2010, English, 95, Ricky Gervais  Stephen Merchant, Ricky Gervais  Stephen Merchant, 6.9, R, tt1196204, 16430, Comedy  Drama, 1 nomination.
The Romantics, 2010, 26 May 2010, English, 95, Galt Niederhoffer (novel)  Galt Niederhoffer, Galt Niederhoffer, 5.1, PG-13, tt1403988, 9372, Comedy  Drama  Romance, N/A
The Spy Next Door, 2010, 15 Jan 2010, English, 94, Jonathan Bernstein (screenplay)  James Greer (screenplay)  Gregory Poirier (screenplay)  Jonathan Bernstein (story)  James Greer (story), Brian Levant, 5.4, PG, tt1273678, 26158, Action  Comedy  Family, 2 nominations.
Greenberg, 2010, 1 Apr 2010, English, 107, Jennifer Jason Leigh (story)  Noah Baumbach (story)  Noah Baumbach (screenplay), Noah Baumbach, 6.1, R, tt1234654, 26445, Comedy  Drama  Romance, 2 wins & 10 nominations.
4.3.2.1., 2010, 2 Jun 2010, English, 117, Noel Clarke, Noel Clarke  Mark Davis, 5.9, N/A, tt1514041, 8395, Crime  Thriller, N/A
Creation, 2010, N/A, N/A, 5, N/A, Ido Barkan, N/A, N/A, tt1696511, N/A, Documentary  Short  Drama, N/A
Neil Diamond: Solitary Man, 2010, N/A, English, N/A, N/A, N/A, N/A, N/A, tt3691646, N/A, Documentary, N/A
Rare Exports: A Christmas Tale, 2010, 3 Dec 2010, Finnish, 84, Jalmari Helander  Jalmari Helander (based on the original idea by)  Juuso Helander (based on the original idea by)  Petri Jokiranta (dramaturge)  Sami Parkkinen (dramaturge), Jalmari Helander, 6.7, R, tt1401143, 17794, Adventure  Fantasy  Horror, 12 wins & 2 nominations.
Heartbreaker, 2010, 17 Mar 2010, French, 105, Laurent Zeitoun (scenario)  Jeremy Doner (scenario)  Yoann Gromb (scenario)  Laurent Zeitoun (original idea), Pascal Chaumeil, 6.8, N/A, tt1465487, 18998, Comedy  Romance, 1 win & 9 nominations.
Lottery Ticket, 2010, 20 Aug 2010, English, 99, Abdul Williams (screenplay)  Erik White (story)  Abdul Williams (story), Erik White, 4.8, PG-13, tt0979434, 7214, Comedy, N/A
Elena Undone, 2010, 25 Jun 2010, English, 111, Nicole Conn, Nicole Conn, 6.4, NOT RATED, tt1575539, 2660, Drama  Romance, 2 wins.
Ca$h, 2010, 26 Mar 2010, English, 108, Stephen Milburn Anderson, Stephen Milburn Anderson, 6.0, R, tt1106860, 7049, Comedy  Crime  Thriller, N/A
Tiny Furniture, 2010, 30 Mar 2012, English, 98, Lena Dunham, Lena Dunham, 6.3, NOT RATED, tt1570989, 9993, Comedy  Drama, 3 wins & 7 nominations.
Honeymooner, 2010, 21 Jan 2011, English, 74, Col Spector, Col Spector, 6.2, N/A, tt1552184, 77, Comedy, N/A
Middle Men, 2010, N/A, English, 82, Matt Marshall, Matt Marshall, 5.4, N/A, tt1664697, 46, Action  Comedy  Crime, N/A
Our Family Wedding, 2010, 12 Mar 2010, English, 103, Wayne Conley (story)  Wayne Conley (screenplay)  Malcolm Spellman (screenplay)  Rick Famuyiwa (screenplay), Rick Famuyiwa, 4.8, PG-13, tt1305583, 5310, Comedy  Romance, 3 nominations.
[Rec] 2: En un mundo de infectados, 2010, 1 Feb 2010, Spanish, 115, Martin Samper, Martin Samper, 6.7, N/A, tt1570501, 143, Documentary, N/A
And Soon the Darkness, 2010, 11 Feb 2011, English, 91, Jennifer Derwingson (screenplay)  Marcos Efron (screenplay)  Brian Clemens  Terry Nation, Marcos Efron, 5.2, R, tt1391034, 12375, Crime  Horror  Mystery, N/A
Cats & Dogs: The Revenge of Kitty Galore, 2010, 30 Jul 2010, English, 82, Ron J. Friedman  Steve Bencich  John Requa (characters)  Glenn Ficarra (characters), Brad Peyton, 4.2, PG, tt1287468, 9074, Action  Comedy  Family, 3 nominations.
Bloomington, 2010, 23 Jun 2010, English, 83, Fernanda Cardoso, Fernanda Cardoso, 6.1, N/A, tt1409004, 2905, Drama, 1 win.
Aftermath, 2010–, N/A, N/A, N/A, N/A, N/A, 6.8, N/A, tt1470942, 35, Horror  Sci-Fi, N/A
My Soul to Take, 2010, 8 Oct 2010, English, 107, Wes Craven, Wes Craven, 4.8, R, tt0872230, 14912, Horror  Mystery  Thriller, 1 nomination.
Fighting the Red Baron, 2010, 4 Jun 2010, English, 77, Christopher Spencer, Christopher Spencer, 7.2, N/A, tt1667833, 8, Documentary  Drama  History, N/A
We Happy Few, 2010, N/A, English, 4, Geof Wolfenden, Geof Wolfenden, N/A, N/A, tt1833834, N/A, Short  Action  Drama, N/A
The Virginity Hit, 2010, 24 Sep 2010, English, 86, Andrew Gurland  Huck Botko, Huck Botko  Andrew Gurland, 4.6, R, tt1695994, 3314, Comedy, N/A
For Colored Girls, 2010, 5 Nov 2010, English, 133, Tyler Perry (screenplay)  Ntozake Shange (play), Tyler Perry, 5.9, R, tt1405500, 5777, Drama, 13 wins & 16 nominations.
Mother, 2010–, 14 Apr 2010, Japanese, 54, N/A, N/A, 8.6, N/A, tt1632065, 84, Drama, N/A
Marmaduke, 2010, 4 Jun 2010, English, 87, Tim Rasmussen  Vince Di Meglio  Brad Anderson (comic)  Phil Leeming (comic), Tom Dey, 4.1, PG, tt1392197, 10257, Comedy  Family, 2 nominations.
Operation: Endgame, 2010, 19 May 2012, English, 87, Sam Levinson (screenplay)  Brian Watanabe (earlier screenplay), Fouad Mikati, 4.9, R, tt1268987, 8713, Action  Comedy, N/A
Love Ranch, 2010, 6 Jan 2011, English, 117, Mark Jacobson, Taylor Hackford, 5.6, R, tt1125929, 2178, Comedy  Drama  Romance, 1 win & 1 nomination.
The Clinic, 2010, 10 Oct 2010, English, 94, James Rabbitts, James Rabbitts, 5.4, R, tt1345772, 5025, Crime  Horror  Mystery, 1 nomination.
Dabangg, 2010, 10 Sep 2010, Hindi, 126, Dilip Shukla  Abhinav Kashyap, Abhinav Kashyap, 6.3, N/A, tt1620719, 15801, Action  Comedy  Crime, 18 wins & 8 nominations.
22 Bullets, 2010, 24 Mar 2010, French, 117, Franz-Olivier Giesbert (novel)  Richard Berry (scenario and adaptation)  Matthieu Delaporte (scenario and adaptation)  Alexandre de La Patellière (scenario and adaptation)  Richard Berry (dialogue)  Matthieu Delaporte (dialogue)  Alexandre de La Patellière (dialogue)  Eric Assous (dialogue), Richard Berry, 6.7, N/A, tt1167638, 22971, Action  Crime  Thriller, N/A
Primal, 2010, 23 Sep 2010, English, 80, Nigel Christensen (story)  Josh Reed (story)  Josh Reed (screenplay), Josh Reed, 4.9, NOT RATED, tt1438534, 4774, Horror  Thriller, N/A
The Reef, 2010, 17 Mar 2011, English, 94, Andrew Traucki  James M. Vernon (script editor), Andrew Traucki, 5.8, R, tt1320291, 10417, Horror  Thriller, N/A
Casino Jack, 2010, 28 Dec 2010, English, 108, Norman Snider, George Hickenlooper, 6.2, R, tt1194417, 13714, Biography  Comedy  Crime, Nominated for 1 Golden Globe. Another 1 win.
Just Wright, 2010, 14 May 2010, English, 100, Michael Elliot, Sanaa Hamri, 5.8, PG, tt1407061, 8738, Comedy  Romance  Sport, 1 win & 10 nominations.
Alpha and Omega, 2010, 17 Sep 2010, English, 88, Chris Denk (screenplay)  Ben Gluck (additional screenplay)  Ben Gluck (original story)  Steve Moore (original screenplay and story), Anthony Bell  Ben Gluck, 5.3, PG, tt1213012, 10050, Animation  Adventure  Comedy, 1 nomination.
Cyrus, 2010, 10 Sep 2010, English, 91, Mark Duplass  Jay Duplass, Jay Duplass  Mark Duplass, 6.3, R, tt1336617, 28139, Comedy  Drama  Romance, 6 nominations.
Another Year, 2010, 5 Nov 2010, English, 129, Mike Leigh, Mike Leigh, 7.3, PG-13, tt1431181, 21586, Comedy  Drama, Nominated for 1 Oscar. Another 20 wins & 40 nominations.
Nude Nuns with Big Guns, 2010, 24 Sep 2010, English, 91, Joseph Guzman  Robert James Hayes II, Joseph Guzman, 3.9, NOT RATED, tt1352388, 4405, Action  Comedy  Thriller, N/A
All Ear is Dread Hear, 2010, N/A, English, 64, Sara Christina Gross  William Magness III, Sara Christina Gross  William Magness III, N/A, N/A, tt1846463, N/A, Drama, N/A
The Yellow Sea, 2010, 2 Dec 2011, Korean, 136, Hong-jin Na (screenplay), Hong-jin Na, 7.4, R, tt1230385, 9273, Crime  Drama  Thriller, 4 wins & 9 nominations.
The Shrine, 2010, 14 Oct 2010, N/A, 85, Jon Knautz  Brendan Moore  Trevor Matthews  Jon Knautz (story)  Brendan Moore (story), Jon Knautz, 5.6, NOT RATED, tt1341710, 9887, Horror, 1 nomination.
Heartless, 2010, N/A, English, 11, Michele Fiascaris, Christiaan Neu, N/A, N/A, tt1823128, N/A, Short  Crime, N/A
The Encounter, 2010, 3 May 2011, English, 85, Jason Cusick (story)  Sean Paul Murphy  Timothy Ratajczak  Michael Scott (story)  Steve Taylor (story), David A.R. White, 7.2, N/A, tt1663680, 1740, Drama, N/A
Bonded by Blood, 2010, 3 Sep 2010, English, 96, Sacha Bennett  Graeme Muir, Sacha Bennett, 5.5, N/A, tt1540400, 1728, Crime  Drama  Thriller, N/A
Why Did I Get Married Too?, 2010, 2 Apr 2010, English, 121, Tyler Perry (screenplay), Tyler Perry, 4.3, PG-13, tt1391137, 7057, Comedy  Drama  Romance, 1 win & 5 nominations.
The Illusionist, 2010, 16 Jun 2010, English, 80, Sylvain Chomet (adaptation)  Jacques Tati (original screenplay), Sylvain Chomet, 7.5, PG, tt0775489, 25728, Animation  Drama, Nominated for 1 Oscar. Another 8 wins & 26 nominations.
Nothing Personal, 2010, N/A, English, 81, Michael Gorrie (story)  Michael Gorrie, Michael Gorrie, N/A, N/A, tt1664000, N/A, Drama, N/A
Arthur 3: The War of the Two Worlds, 2010, 13 Oct 2010, English, 101, Luc Besson  Céline Garcia, Luc Besson, 5.5, PG, tt0940656, 4967, Animation  Adventure  Family, 1 nomination.
Loft, 2010, 16 Dec 2010, Dutch, 108, Bart De Pauw (screenplay)  Saskia Noort (screenplay), Antoinette Beumer, 6.9, N/A, tt1606789, 3940, Crime  Drama  Thriller, 3 wins & 4 nominations.
Three Steps Above Heaven, 2010, 3 Dec 2010, Spanish, 118, Federico Moccia (novel)  Ramón Salazar, Fernando González Molina, 7.1, N/A, tt1648216, 12527, Drama  Romance, 1 win & 2 nominations.
Au four et au moulin: les coulisses de Micmacs à Tire-Larigot, 2010, 17 Mar 2010, French, 47, N/A, Julien Lecat, 7.0, N/A, tt1634037, 17, Documentary, N/A
Kites, 2010, 21 May 2010, English, 123, Anurag Basu (screenplay)  Robin Bhatt (screenplay)  Sanjeev Dutta (dialogue)  Akarsh Khurana (additional English dialogue)  Akarsh Khurana (screenplay)  Rakesh Roshan (story), Anurag Basu, 6.0, N/A, tt1198101, 8553, Action  Drama  Romance, N/A
Mr. Nice, 2010, 3 Jun 2011, English, 121, Bernard Rose (screenplay)  Howard Marks (based on the book by), Bernard Rose, 6.4, N/A, tt1183911, 5287, Biography  Comedy  Crime, 2 wins.
A Turtle's Tale: Sammy's Adventures, 2010, 4 Aug 2010, English, 88, Ben Stassen (story)  Domonic Paris (story)  Domonic Paris (screenplay), Ben Stassen, 6.2, PG, tt1230204, 4803, Animation  Adventure  Family, 1 nomination.
